"domain_id","domain_url","layer_1_url_id","layer_1_url"
1,"abendblatt.de",1,"https://www.abendblatt.de/sitemaps/news.xml"
2,"abendzeitung-muenchen.de",2,"https://www.abendzeitung-muenchen.de/news-artikel.sitemap.xml"
2,"abendzeitung-muenchen.de",3,"https://www.abendzeitung-muenchen.de/news-ticker.sitemap.xml"
2,"abendzeitung-muenchen.de",4,"https://www.abendzeitung-muenchen.de/portal-artikel.sitemap.xml"
2,"abendzeitung-muenchen.de",5,"https://www.abendzeitung-muenchen.de/portal-ticker.sitemap.xml"
3,"augsburger-allgemeine.de",6,"https://www.augsburger-allgemeine.de/sitemap.xml"
3,"augsburger-allgemeine.de",7,"https://www.augsburger-allgemeine.de/news.xml"
4,"badische-zeitung.de",8,"https://badische-zeitung.de/sitemap.xml"
4,"badische-zeitung.de",9,"https://badische-zeitung.de/sitemap/"
4,"badische-zeitung.de",10,"https://badische-zeitung.de/sitemap/index.xml"
5,"berliner-kurier.de",11,"https://www.berliner-kurier.de/feed.xml"
5,"berliner-kurier.de",12,"https://www.berliner-kurier.de/sitemap.xml"
5,"berliner-kurier.de",13,"https://www.berliner-kurier.de/news-sitemap.xml"
6,"berliner-zeitung.de",14,"https://www.berliner-zeitung.de/feed.xml"
6,"berliner-zeitung.de",15,"https://www.berliner-zeitung.de/sitemap.xml"
6,"berliner-zeitung.de",16,"https://www.berliner-zeitung.de/news-sitemap.xml"
7,"bild.de",17,"https://www.bild.de/sitemap-news.xml"
7,"bild.de",18,"https://www.bild.de/sitemap-index.xml"
7,"bild.de",19,"https://www.bild.de/sitemap-category.xml"
8,"bnn.de",20,"https://bnn.de/sitemap/sitemap_index.xml"
9,"br.de",21,"https://www.br.de/sitemapIndex.xml"
9,"br.de",22,"https://www.br.de/nachrichten/sitemaps/index.xml"
10,"businessinsider.de",23,"https://www.businessinsider.de/news-sitemap.xml"
10,"businessinsider.de",24,"https://www.businessinsider.de/sitemap_index.xml"
11,"derwesten.de",25,"https://www.derwesten.de/news-sitemap.xml"
11,"derwesten.de",26,"https://www.derwesten.de/sitemap_index.xml"
12,"echo24.de",27,"https://echo24.de/sitemap-index.xml"
13,"epochtimes.de",28,"https://epochtimes.de/sitemap_index.xml"
13,"epochtimes.de",29,"https://epochtimes.de/sitemaps/sitemap.xml"
13,"epochtimes.de",30,"https://epochtimes.de/sitemaps/sitemap_index.xml"
14,"faz.net",31,"https://faz.net/sitemap-index.xml"
14,"faz.net",32,"https://faz.net/sitemap-posts.xml"
14,"faz.net",33,"https://faz.net/sitemap-pages.xml"
14,"faz.net",34,"https://faz.net/sitemap-products.xml"
14,"faz.net",35,"https://faz.net/sitemap-2025-01.xml"
14,"faz.net",36,"https://faz.net/sitemap-2024.xml"
14,"faz.net",37,"https://faz.net/sitemap-en.xml"
14,"faz.net",38,"https://faz.net/sitemap-de.xml"
15,"fnp.de",39,"https://fnp.de/sitemap-index.xml"
16,"fr.de",40,"https://fr.de/sitemap-index.xml"
17,"frankenpost.de",41,"https://www.frankenpost.de/docs.universal_sitemap_frankenpost.xml"
17,"frankenpost.de",42,"https://www.frankenpost.de/docs.newsmap_frankenpost.xml"
18,"freiepresse.de",43,"https://www.freiepresse.de/sitemap.xml"
19,"heidelberg24.de",44,"https://heidelberg24.de/sitemap-index.xml"
20,"heise.de",45,"https://www.heise.de/sitemapindex.xml"
20,"heise.de",46,"https://www.heise.de/bestenlisten/sitemap-articles-index.xml.gz"
20,"heise.de",47,"https://www.heise.de/bestenlisten/sitemap-stories-latest.xml.gz"
20,"heise.de",48,"https://www.heise.de/bestenlisten/sitemap-categories.xml.gz"
20,"heise.de",49,"https://www.heise.de/bestenlisten/sitemap-topics.xml.gz"
20,"heise.de",50,"https://www.heise.de/bestenlisten/sitemap-news.xml.gz"
21,"hna.de",51,"https://www.hna.de/news.xml"
22,"infranken.de",52,"https://www.infranken.de/sitemap-news.sitemap.xml"
22,"infranken.de",53,"https://www.infranken.de/ratgeber.sitemap.xml"
22,"infranken.de",54,"https://www.infranken.de/sitemap.sitemap.xml"
23,"jungefreiheit.de",55,"https://jungefreiheit.de/sitemap-news.xml"
24,"karlsruhe-insider.de",56,"https://www.karlsruhe-insider.de/sitemap_index.xml"
25,"kreiszeitung.de",57,"https://kreiszeitung.de/sitemap-index.xml"
26,"manager-magazin.de",58,"https://www.manager-magazin.de/sitemaps/news-de.xml"
26,"manager-magazin.de",59,"https://www.manager-magazin.de/plus/sitemap.xml"
26,"manager-magazin.de",60,"https://www.manager-magazin.de/sitemap.xml"
27,"mdr.de",61,"https://www.mdr.de/news-sitemap.xml"
27,"mdr.de",62,"https://www.mdr.de/sitemap-index-100.xml"
28,"merkur.de",63,"https://www.merkur.de/news.xml"
29,"mopo.de",64,"https://www.mopo.de/sitemap_index.xml"
30,"morgenpost.de",65,"https://www.morgenpost.de/sitemaps/news.xml"
31,"n-tv.de",66,"https://n-tv.de/sitemap.xml"
31,"n-tv.de",67,"https://n-tv.de/sitemap/"
32,"ndr.de",68,"https://www.ndr.de/sitemap112-sitemap.xml"
32,"ndr.de",69,"https://www.ndr.de/sitemap112-newssitemap.xml"
33,"news.de",70,"https://www.news.de/resources/xml/metasitemap.xml"
33,"news.de",71,"https://www.news.de/googlesitemap/"
34,"newsflash24.de",72,"https://newsflash24.de/sitemap_index.xml"
35,"nordkurier.de",73,"https://www.nordkurier.de/sitemaps/nord/organic-sitemap-index.xml"
36,"noz.de",74,"https://www.noz.de/sitemap.xml"
36,"noz.de",75,"https://www.noz.de/sitemap/googleNewsList.xml"
36,"noz.de",76,"https://www.noz.de/sitemap/artikel/sitemap-current.xml"
37,"nw.de",77,"https://www.nw.de/sitemap_nw_index.xml.gz"
37,"nw.de",78,"https://www.nw.de/sitemap_nw_index_news.xml.gz"
37,"nw.de",79,"https://www.nw.de/_events/sitemap/sitemap_event.xml"
37,"nw.de",80,"https://www.nw.de/_apps/nw/cms-api/evocms/modules/evo_cms_sitemap.php"
38,"presseportal.de",81,"https://www.presseportal.de/sitemap-de-index-stories-blaulicht.xml"
38,"presseportal.de",82,"https://www.presseportal.de/sitemap-de-index-stories-portal.xml"
38,"presseportal.de",83,"https://www.presseportal.de/sitemap-de-index-stories-newsroom.xml"
38,"presseportal.de",84,"https://www.presseportal.de/sitemap-de-latestnews.xml"
38,"presseportal.de",85,"https://www.presseportal.de/sitemap-de-topics.xml"
39,"rollingstone.de",86,"https://www.rollingstone.de/sitemap_index.xml"
40,"rp-online.de",87,"https://rp-online.de/sitemap.xml"
40,"rp-online.de",88,"https://rp-online.de/sitemaps/sitemap.xml"
40,"rp-online.de",89,"https://rp-online.de/sitemap.xml.gz"
41,"rtl.de",90,"https://www.rtl.de/sitemap-news.xml"
41,"rtl.de",91,"https://www.rtl.de/sitemap-index.xml"
41,"rtl.de",92,"https://www.rtl.de/sitemap-section.xml"
42,"ruhr24.de",93,"https://ruhr24.de/sitemap-index.xml"
43,"schwaebische.de",94,"https://www.schwaebische.de/sitemaps/sch/organic-sitemap-index.xml"
44,"shz.de",95,"https://www.shz.de/sitemap.xml"
44,"shz.de",96,"https://www.shz.de/sitemap/googleNewsList.xml"
44,"shz.de",97,"https://www.shz.de/sitemap/artikel/sitemap-current.xml"
45,"spiegel.de",98,"https://www.spiegel.de/sitemaps/news-de.xml"
45,"spiegel.de",99,"https://www.spiegel.de/plus/sitemap.xml"
45,"spiegel.de",100,"https://www.spiegel.de/sitemap.xml"
46,"stuttgarter-zeitung.de",101,"https://www.stuttgarter-zeitung.de/docs.universal_sitemap_stuttgarter_zeitung.xml"
46,"stuttgarter-zeitung.de",102,"https://www.stuttgarter-zeitung.de/docs.newsmap_stuttgarter_zeitung.xml"
47,"suedkurier.de",103,"https://www.suedkurier.de/sitemap-index.sitemap.xml"
47,"suedkurier.de",104,"https://www.suedkurier.de/news.sitemap.xml"
48,"swp.de",105,"https://www.swp.de/sitemap.xml"
48,"swp.de",106,"https://www.swp.de/sitemap-news-alle-news.xml"
49,"swr.de",107,"https://www.swr.de/~sitemap/index.xml"
49,"swr.de",108,"https://www.swr.de/~sitemap/swraktuell/index.xml"
50,"swr3.de",109,"https://www.swr3.de/~sitemap/index.xml"
50,"swr3.de",110,"https://www.swr3.de/~sitemap/aktuell/nachrichten/index.xml"
51,"t3n.de",111,"https://t3n.de/sitemap-index.xml"
52,"tag24.de",112,"https://www.tag24.de/sitemap_tag24.xml"
52,"tag24.de",113,"https://www.tag24.de/sitemap/googlenews"
53,"tagesspiegel.de",114,"https://www.tagesspiegel.de/news.xml"
53,"tagesspiegel.de",115,"https://www.tagesspiegel.de/contentexport/static/sitemap-index_1996.xml"
53,"tagesspiegel.de",116,"https://www.tagesspiegel.de/contentexport/static/sitemap-index_1997.xml"
53,"tagesspiegel.de",117,"https://www.tagesspiegel.de/contentexport/static/sitemap-index_1998.xml"
53,"tagesspiegel.de",118,"https://www.tagesspiegel.de/contentexport/static/sitemap-index_1999.xml"
53,"tagesspiegel.de",119,"https://www.tagesspiegel.de/contentexport/static/sitemap-index_2000.xml"
53,"tagesspiegel.de",120,"https://www.tagesspiegel.de/contentexport/static/sitemap-index_2001.xml"
53,"tagesspiegel.de",121,"https://www.tagesspiegel.de/contentexport/static/sitemap-index_2002.xml"
53,"tagesspiegel.de",122,"https://www.tagesspiegel.de/contentexport/static/sitemap-index_2003.xml"
53,"tagesspiegel.de",123,"https://www.tagesspiegel.de/contentexport/static/sitemap-index_2004.xml"
53,"tagesspiegel.de",124,"https://www.tagesspiegel.de/contentexport/static/sitemap-index_2005.xml"
53,"tagesspiegel.de",125,"https://www.tagesspiegel.de/contentexport/static/sitemap-index_2006.xml"
53,"tagesspiegel.de",126,"https://www.tagesspiegel.de/contentexport/static/sitemap-index_2007.xml"
53,"tagesspiegel.de",127,"https://www.tagesspiegel.de/contentexport/static/sitemap-index_2008.xml"
53,"tagesspiegel.de",128,"https://www.tagesspiegel.de/contentexport/static/sitemap-index_2009.xml"
53,"tagesspiegel.de",129,"https://www.tagesspiegel.de/contentexport/static/sitemap-index_2010.xml"
53,"tagesspiegel.de",130,"https://www.tagesspiegel.de/contentexport/static/sitemap-index_2011.xml"
53,"tagesspiegel.de",131,"https://www.tagesspiegel.de/contentexport/static/sitemap-index_2012.xml"
53,"tagesspiegel.de",132,"https://www.tagesspiegel.de/contentexport/static/sitemap-index_2013.xml"
53,"tagesspiegel.de",133,"https://www.tagesspiegel.de/contentexport/static/sitemap-index_2014.xml"
53,"tagesspiegel.de",134,"https://www.tagesspiegel.de/contentexport/static/sitemap-index_2015.xml"
53,"tagesspiegel.de",135,"https://www.tagesspiegel.de/contentexport/static/sitemap-index_2016.xml"
53,"tagesspiegel.de",136,"https://www.tagesspiegel.de/contentexport/static/sitemap-index_2017.xml"
53,"tagesspiegel.de",137,"https://www.tagesspiegel.de/contentexport/static/sitemap-index_2018.xml"
53,"tagesspiegel.de",138,"https://www.tagesspiegel.de/contentexport/static/sitemap-index_2019.xml"
53,"tagesspiegel.de",139,"https://www.tagesspiegel.de/contentexport/static/sitemap-index_2020.xml"
53,"tagesspiegel.de",140,"https://www.tagesspiegel.de/contentexport/static/sitemap-index_2021.xml"
53,"tagesspiegel.de",141,"https://www.tagesspiegel.de/contentexport/static/sitemap-index_2022.xml"
53,"tagesspiegel.de",142,"https://www.tagesspiegel.de/contentexport/static/sitemap-index_2023.xml"
53,"tagesspiegel.de",143,"https://www.tagesspiegel.de/contentexport/static/sitemap-index_2024.xml"
53,"tagesspiegel.de",144,"https://www.tagesspiegel.de/contentexport/static/sitemap-index_2025.xml"
54,"taz.de",145,"https://taz.de/sitemap-google-news.xml"
54,"taz.de",146,"https://taz.de/sitemap-index.xml"
55,"thueringer-allgemeine.de",147,"https://www.thueringer-allgemeine.de/sitemaps/news.xml"
56,"tz.de",148,"https://www.tz.de/news.xml"
57,"volksstimme.de",149,"https://www.volksstimme.de/sitemaps/newssitemap-index.xml"
57,"volksstimme.de",150,"https://www.volksstimme.de/sitemaps/sitemap-index.xml"
58,"wa.de",151,"https://wa.de/sitemap-index.xml"
59,"watson.de",152,"https://watson.de/sitemap.xml"
59,"watson.de",153,"https://watson.de/sitemap/"
60,"waz.de",154,"https://www.waz.de/sitemaps/news.xml"
61,"welt.de",155,"https://www.welt.de/sitemaps/newssitemap/newssitemap.xml"
61,"welt.de",156,"https://www.welt.de/sitemaps/sitemap/sitemap.xml"
62,"wiwo.de",157,"https://www.wiwo.de/news.xml"
62,"wiwo.de",158,"https://www.wiwo.de/contentexport/feed/sitemap/themen"
62,"wiwo.de",159,"https://www.wiwo.de/sitemapExternal/sitemaps_index.xml"
63,"wz.de",160,"https://wz.de/sitemap.xml"
63,"wz.de",161,"https://wz.de/sitemaps/sitemap.xml"
63,"wz.de",162,"https://wz.de/sitemap.xml.gz"
64,"zeit.de",163,"https://www.zeit.de/gsitemaps/index.xml"
