"type","domain","link","reason"
"sitemap","augsburger-allgemeine.de","https://www.augsburger-allgemeine.de/sitemap-image.xml","media sitemap - images, videos, podcasts"
"sitemap","augsburger-allgemeine.de","https://www.augsburger-allgemeine.de/sitemap-video.xml","media sitemap - images, videos, podcasts"
"sitemap","bild.de","https://www.bild.de/sitemap-video.xml","media sitemap - images, videos, podcasts"
"sitemap","deutschlandfunk.de","https://www.deutschlandfunk.de/filter-heute-neu-audios-100.sitemap","media sitemap - images, videos, podcasts"
"sitemap","deutschlandfunk.de","https://www.deutschlandfunk.de/podcast-filter-296.sitemap","media sitemap - images, videos, podcasts"
"sitemap","deutschlandfunkkultur.de","https://www.deutschlandfunkkultur.de/filter-heute-neu-audios-102.sitemap","media sitemap - images, videos, podcasts"
"sitemap","deutschlandfunkkultur.de","https://www.deutschlandfunkkultur.de/podcast-filter-116.sitemap","media sitemap - images, videos, podcasts"
"sitemap","dnn.de","https://dnn.de/~/sitemap-images.xml","media sitemap - images, videos, podcasts"
"sitemap","dnn.de","https://dnn.de/~/sitemap-videos.xml","media sitemap - images, videos, podcasts"
"sitemap","epochtimes.de","https://epochtimes.de/sitemap-images.xml","media sitemap - images, videos, podcasts"
"sitemap","epochtimes.de","https://epochtimes.de/sitemap-videos.xml","media sitemap - images, videos, podcasts"
"sitemap","faz.net","https://faz.net/sitemap-images.xml","media sitemap - images, videos, podcasts"
"sitemap","faz.net","https://faz.net/sitemap-videos.xml","media sitemap - images, videos, podcasts"
"sitemap","haz.de","https://haz.de/~/sitemap-images.xml","media sitemap - images, videos, podcasts"
"sitemap","haz.de","https://haz.de/~/sitemap-videos.xml","media sitemap - images, videos, podcasts"
"sitemap","kabeleins.de","https://www.kabeleins.de/sitemap.videos.xml","media sitemap - images, videos, podcasts"
"sitemap","lvz.de","https://lvz.de/~/sitemap-images.xml","media sitemap - images, videos, podcasts"
"sitemap","lvz.de","https://lvz.de/~/sitemap-videos.xml","media sitemap - images, videos, podcasts"
"sitemap","manager-magazin.de","https://www.manager-magazin.de/sitemaps/videos/sitemap.xml","media sitemap - images, videos, podcasts"
"sitemap","maz-online.de","https://maz-online.de/~/sitemap-images.xml","media sitemap - images, videos, podcasts"
"sitemap","maz-online.de","https://maz-online.de/~/sitemap-videos.xml","media sitemap - images, videos, podcasts"
"sitemap","ostsee-zeitung.de","https://ostsee-zeitung.de/~/sitemap-images.xml","media sitemap - images, videos, podcasts"
"sitemap","ostsee-zeitung.de","https://ostsee-zeitung.de/~/sitemap-videos.xml","media sitemap - images, videos, podcasts"
"sitemap","prosieben.de","https://www.prosieben.de/sitemap.videos.xml","media sitemap - images, videos, podcasts"
"sitemap","rnd.de","https://rnd.de/~/sitemap-images.xml","media sitemap - images, videos, podcasts"
"sitemap","rnd.de","https://rnd.de/~/sitemap-videos.xml","media sitemap - images, videos, podcasts"
"sitemap","rp-online.de","https://rp-online.de/sitemap-images.xml","media sitemap - images, videos, podcasts"
"sitemap","rp-online.de","https://rp-online.de/sitemap-videos.xml","media sitemap - images, videos, podcasts"
"sitemap","rtl.de","https://www.rtl.de/sitemap-video.xml","media sitemap - images, videos, podcasts"
"sitemap","saechsische.de","https://saechsische.de/~/sitemap-images.xml","media sitemap - images, videos, podcasts"
"sitemap","saechsische.de","https://saechsische.de/~/sitemap-videos.xml","media sitemap - images, videos, podcasts"
"sitemap","spiegel.de","https://www.spiegel.de/sitemaps/videos/sitemap.xml","media sitemap - images, videos, podcasts"
"sitemap","sueddeutsche.de","https://sueddeutsche.de/sitemap-images.xml","media sitemap - images, videos, podcasts"
"sitemap","sueddeutsche.de","https://sueddeutsche.de/sitemap-videos.xml","media sitemap - images, videos, podcasts"
"sitemap","sueddeutsche.de","https://sueddeutsche.de/~/sitemap-images.xml","media sitemap - images, videos, podcasts"
"sitemap","sueddeutsche.de","https://sueddeutsche.de/~/sitemap-videos.xml","media sitemap - images, videos, podcasts"
"sitemap","vox.de","https://www.vox.de/xml-sitemaps/videos.200027.xml","media sitemap - images, videos, podcasts"
"sitemap","welt.de","https://www.welt.de/sitemaps/videositemap/videositemap.xml","media sitemap - images, videos, podcasts"
"sitemap","wz.de","https://wz.de/sitemap-images.xml","media sitemap - images, videos, podcasts"
"sitemap","wz.de","https://wz.de/sitemap-videos.xml","media sitemap - images, videos, podcasts"
"sitemap","zdf.de","https://www.zdf.de/mediathek-sitemap.xml","media sitemap - images, videos, podcasts"
"sitemap","swr.de","https://www.swr.de/~sitemap/sport/index.xml","irrelevant sitemap - e.g. authors, shop, sport"
"sitemap","dnn.de","https://dnn.de/~/sitemap.xml","entries had HTML contents in sitemap and have been filtered"
"sitemap","dnn.de","https://dnn.de/~/sitemap_index.xml","entries had HTML contents in sitemap and have been filtered"
"sitemap","dnn.de","https://dnn.de/~/sitemap-index.xml","entries had HTML contents in sitemap and have been filtered"
"sitemap","dnn.de","https://dnn.de/~/sitemaps/sitemap.xml","entries had HTML contents in sitemap and have been filtered"
"sitemap","dnn.de","https://dnn.de/~/sitemaps/sitemap_index.xml","entries had HTML contents in sitemap and have been filtered"
"sitemap","dnn.de","https://dnn.de/~/sitemap-posts.xml","entries had HTML contents in sitemap and have been filtered"
"sitemap","dnn.de","https://dnn.de/~/sitemap-pages.xml","entries had HTML contents in sitemap and have been filtered"
"sitemap","dnn.de","https://dnn.de/~/sitemap-products.xml","entries had HTML contents in sitemap and have been filtered"
"sitemap","dnn.de","https://dnn.de/~/sitemap-2025-01.xml","entries had HTML contents in sitemap and have been filtered"
"sitemap","dnn.de","https://dnn.de/~/sitemap-2024.xml","entries had HTML contents in sitemap and have been filtered"
"sitemap","dnn.de","https://dnn.de/~/sitemap-en.xml","entries had HTML contents in sitemap and have been filtered"
"sitemap","dnn.de","https://dnn.de/~/sitemap-de.xml","entries had HTML contents in sitemap and have been filtered"
"sitemap","dnn.de","https://dnn.de/~/sitemap.php","entries had HTML contents in sitemap and have been filtered"
"sitemap","dnn.de","https://dnn.de/~/sitemap.txt","entries had HTML contents in sitemap and have been filtered"
"sitemap","dnn.de","https://dnn.de/~/sitemap.xml.gz","entries had HTML contents in sitemap and have been filtered"
"sitemap","dnn.de","https://dnn.de/~/sitemap/","entries had HTML contents in sitemap and have been filtered"
"sitemap","dnn.de","https://dnn.de/~/sitemapindex.xml","entries had HTML contents in sitemap and have been filtered"
"sitemap","dnn.de","https://dnn.de/~/sitemap/index.xml","entries had HTML contents in sitemap and have been filtered"
"sitemap","dnn.de","https://dnn.de/~/sitemap1.xml","entries had HTML contents in sitemap and have been filtered"
"sitemap","epochtimes.de","https://epochtimes.de/sitemap.xml","entries had HTML contents in sitemap and have been filtered"
"sitemap","epochtimes.de","https://epochtimes.de/sitemap-index.xml","entries had HTML contents in sitemap and have been filtered"
"sitemap","epochtimes.de","https://epochtimes.de/sitemap-posts.xml","entries had HTML contents in sitemap and have been filtered"
"sitemap","epochtimes.de","https://epochtimes.de/sitemap-pages.xml","entries had HTML contents in sitemap and have been filtered"
"sitemap","epochtimes.de","https://epochtimes.de/sitemap-products.xml","entries had HTML contents in sitemap and have been filtered"
"sitemap","epochtimes.de","https://epochtimes.de/sitemap-2025-01.xml","entries had HTML contents in sitemap and have been filtered"
"sitemap","epochtimes.de","https://epochtimes.de/sitemap-2024.xml","entries had HTML contents in sitemap and have been filtered"
"sitemap","epochtimes.de","https://epochtimes.de/sitemap-en.xml","entries had HTML contents in sitemap and have been filtered"
"sitemap","epochtimes.de","https://epochtimes.de/sitemap-de.xml","entries had HTML contents in sitemap and have been filtered"
"sitemap","epochtimes.de","https://epochtimes.de/sitemap.txt","entries had HTML contents in sitemap and have been filtered"
"sitemap","epochtimes.de","https://epochtimes.de/sitemap/","entries had HTML contents in sitemap and have been filtered"
"sitemap","epochtimes.de","https://epochtimes.de/sitemapindex.xml","entries had HTML contents in sitemap and have been filtered"
"sitemap","epochtimes.de","https://epochtimes.de/sitemap/index.xml","entries had HTML contents in sitemap and have been filtered"
"sitemap","epochtimes.de","https://epochtimes.de/sitemap1.xml","entries had HTML contents in sitemap and have been filtered"
"sitemap","haz.de","https://haz.de/~/sitemap.xml","entries had HTML contents in sitemap and have been filtered"
"sitemap","haz.de","https://haz.de/~/sitemap_index.xml","entries had HTML contents in sitemap and have been filtered"
"sitemap","haz.de","https://haz.de/~/sitemap-index.xml","entries had HTML contents in sitemap and have been filtered"
"sitemap","haz.de","https://haz.de/~/sitemaps/sitemap.xml","entries had HTML contents in sitemap and have been filtered"
"sitemap","haz.de","https://haz.de/~/sitemaps/sitemap_index.xml","entries had HTML contents in sitemap and have been filtered"
"sitemap","haz.de","https://haz.de/~/sitemap-posts.xml","entries had HTML contents in sitemap and have been filtered"
"sitemap","haz.de","https://haz.de/~/sitemap-pages.xml","entries had HTML contents in sitemap and have been filtered"
"sitemap","haz.de","https://haz.de/~/sitemap-products.xml","entries had HTML contents in sitemap and have been filtered"
"sitemap","haz.de","https://haz.de/~/sitemap-2025-01.xml","entries had HTML contents in sitemap and have been filtered"
"sitemap","haz.de","https://haz.de/~/sitemap-2024.xml","entries had HTML contents in sitemap and have been filtered"
"sitemap","haz.de","https://haz.de/~/sitemap-en.xml","entries had HTML contents in sitemap and have been filtered"
"sitemap","haz.de","https://haz.de/~/sitemap-de.xml","entries had HTML contents in sitemap and have been filtered"
"sitemap","haz.de","https://haz.de/~/sitemap.php","entries had HTML contents in sitemap and have been filtered"
"sitemap","haz.de","https://haz.de/~/sitemap.txt","entries had HTML contents in sitemap and have been filtered"
"sitemap","haz.de","https://haz.de/~/sitemap.xml.gz","entries had HTML contents in sitemap and have been filtered"
"sitemap","haz.de","https://haz.de/~/sitemap/","entries had HTML contents in sitemap and have been filtered"
"sitemap","haz.de","https://haz.de/~/sitemapindex.xml","entries had HTML contents in sitemap and have been filtered"
"sitemap","haz.de","https://haz.de/~/sitemap/index.xml","entries had HTML contents in sitemap and have been filtered"
"sitemap","haz.de","https://haz.de/~/sitemap1.xml","entries had HTML contents in sitemap and have been filtered"
"sitemap","jungefreiheit.de","https://jungefreiheit.de/sitemap_index.xml","entries had HTML contents in sitemap and have been filtered"
"sitemap","lvz.de","https://lvz.de/~/sitemap.xml","entries had HTML contents in sitemap and have been filtered"
"sitemap","lvz.de","https://lvz.de/~/sitemap_index.xml","entries had HTML contents in sitemap and have been filtered"
"sitemap","lvz.de","https://lvz.de/~/sitemap-index.xml","entries had HTML contents in sitemap and have been filtered"
"sitemap","lvz.de","https://lvz.de/~/sitemaps/sitemap.xml","entries had HTML contents in sitemap and have been filtered"
"sitemap","lvz.de","https://lvz.de/~/sitemaps/sitemap_index.xml","entries had HTML contents in sitemap and have been filtered"
"sitemap","lvz.de","https://lvz.de/~/sitemap-posts.xml","entries had HTML contents in sitemap and have been filtered"
"sitemap","lvz.de","https://lvz.de/~/sitemap-pages.xml","entries had HTML contents in sitemap and have been filtered"
"sitemap","lvz.de","https://lvz.de/~/sitemap-products.xml","entries had HTML contents in sitemap and have been filtered"
"sitemap","lvz.de","https://lvz.de/~/sitemap-2025-01.xml","entries had HTML contents in sitemap and have been filtered"
"sitemap","lvz.de","https://lvz.de/~/sitemap-2024.xml","entries had HTML contents in sitemap and have been filtered"
"sitemap","lvz.de","https://lvz.de/~/sitemap-en.xml","entries had HTML contents in sitemap and have been filtered"
"sitemap","lvz.de","https://lvz.de/~/sitemap-de.xml","entries had HTML contents in sitemap and have been filtered"
"sitemap","lvz.de","https://lvz.de/~/sitemap.php","entries had HTML contents in sitemap and have been filtered"
"sitemap","lvz.de","https://lvz.de/~/sitemap.txt","entries had HTML contents in sitemap and have been filtered"
"sitemap","lvz.de","https://lvz.de/~/sitemap.xml.gz","entries had HTML contents in sitemap and have been filtered"
"sitemap","lvz.de","https://lvz.de/~/sitemap/","entries had HTML contents in sitemap and have been filtered"
"sitemap","lvz.de","https://lvz.de/~/sitemapindex.xml","entries had HTML contents in sitemap and have been filtered"
"sitemap","lvz.de","https://lvz.de/~/sitemap/index.xml","entries had HTML contents in sitemap and have been filtered"
"sitemap","lvz.de","https://lvz.de/~/sitemap1.xml","entries had HTML contents in sitemap and have been filtered"
"sitemap","maz-online.de","https://maz-online.de/~/sitemap.xml","entries had HTML contents in sitemap and have been filtered"
"sitemap","maz-online.de","https://maz-online.de/~/sitemap_index.xml","entries had HTML contents in sitemap and have been filtered"
"sitemap","maz-online.de","https://maz-online.de/~/sitemap-index.xml","entries had HTML contents in sitemap and have been filtered"
"sitemap","maz-online.de","https://maz-online.de/~/sitemaps/sitemap.xml","entries had HTML contents in sitemap and have been filtered"
"sitemap","maz-online.de","https://maz-online.de/~/sitemaps/sitemap_index.xml","entries had HTML contents in sitemap and have been filtered"
"sitemap","maz-online.de","https://maz-online.de/~/sitemap-posts.xml","entries had HTML contents in sitemap and have been filtered"
"sitemap","maz-online.de","https://maz-online.de/~/sitemap-pages.xml","entries had HTML contents in sitemap and have been filtered"
"sitemap","maz-online.de","https://maz-online.de/~/sitemap-products.xml","entries had HTML contents in sitemap and have been filtered"
"sitemap","maz-online.de","https://maz-online.de/~/sitemap-2025-01.xml","entries had HTML contents in sitemap and have been filtered"
"sitemap","maz-online.de","https://maz-online.de/~/sitemap-2024.xml","entries had HTML contents in sitemap and have been filtered"
"sitemap","maz-online.de","https://maz-online.de/~/sitemap-en.xml","entries had HTML contents in sitemap and have been filtered"
"sitemap","maz-online.de","https://maz-online.de/~/sitemap-de.xml","entries had HTML contents in sitemap and have been filtered"
"sitemap","maz-online.de","https://maz-online.de/~/sitemap.php","entries had HTML contents in sitemap and have been filtered"
"sitemap","maz-online.de","https://maz-online.de/~/sitemap.txt","entries had HTML contents in sitemap and have been filtered"
"sitemap","maz-online.de","https://maz-online.de/~/sitemap.xml.gz","entries had HTML contents in sitemap and have been filtered"
"sitemap","maz-online.de","https://maz-online.de/~/sitemap/","entries had HTML contents in sitemap and have been filtered"
"sitemap","maz-online.de","https://maz-online.de/~/sitemapindex.xml","entries had HTML contents in sitemap and have been filtered"
"sitemap","maz-online.de","https://maz-online.de/~/sitemap/index.xml","entries had HTML contents in sitemap and have been filtered"
"sitemap","maz-online.de","https://maz-online.de/~/sitemap1.xml","entries had HTML contents in sitemap and have been filtered"
"sitemap","ostsee-zeitung.de","https://ostsee-zeitung.de/~/sitemap.xml","entries had HTML contents in sitemap and have been filtered"
"sitemap","ostsee-zeitung.de","https://ostsee-zeitung.de/~/sitemap_index.xml","entries had HTML contents in sitemap and have been filtered"
"sitemap","ostsee-zeitung.de","https://ostsee-zeitung.de/~/sitemap-index.xml","entries had HTML contents in sitemap and have been filtered"
"sitemap","ostsee-zeitung.de","https://ostsee-zeitung.de/~/sitemaps/sitemap.xml","entries had HTML contents in sitemap and have been filtered"
"sitemap","ostsee-zeitung.de","https://ostsee-zeitung.de/~/sitemaps/sitemap_index.xml","entries had HTML contents in sitemap and have been filtered"
"sitemap","ostsee-zeitung.de","https://ostsee-zeitung.de/~/sitemap-posts.xml","entries had HTML contents in sitemap and have been filtered"
"sitemap","ostsee-zeitung.de","https://ostsee-zeitung.de/~/sitemap-pages.xml","entries had HTML contents in sitemap and have been filtered"
"sitemap","ostsee-zeitung.de","https://ostsee-zeitung.de/~/sitemap-products.xml","entries had HTML contents in sitemap and have been filtered"
"sitemap","ostsee-zeitung.de","https://ostsee-zeitung.de/~/sitemap-2025-01.xml","entries had HTML contents in sitemap and have been filtered"
"sitemap","ostsee-zeitung.de","https://ostsee-zeitung.de/~/sitemap-2024.xml","entries had HTML contents in sitemap and have been filtered"
"sitemap","ostsee-zeitung.de","https://ostsee-zeitung.de/~/sitemap-en.xml","entries had HTML contents in sitemap and have been filtered"
"sitemap","ostsee-zeitung.de","https://ostsee-zeitung.de/~/sitemap-de.xml","entries had HTML contents in sitemap and have been filtered"
"sitemap","ostsee-zeitung.de","https://ostsee-zeitung.de/~/sitemap.php","entries had HTML contents in sitemap and have been filtered"
"sitemap","ostsee-zeitung.de","https://ostsee-zeitung.de/~/sitemap.txt","entries had HTML contents in sitemap and have been filtered"
"sitemap","ostsee-zeitung.de","https://ostsee-zeitung.de/~/sitemap.xml.gz","entries had HTML contents in sitemap and have been filtered"
"sitemap","ostsee-zeitung.de","https://ostsee-zeitung.de/~/sitemap/","entries had HTML contents in sitemap and have been filtered"
"sitemap","ostsee-zeitung.de","https://ostsee-zeitung.de/~/sitemapindex.xml","entries had HTML contents in sitemap and have been filtered"
"sitemap","ostsee-zeitung.de","https://ostsee-zeitung.de/~/sitemap/index.xml","entries had HTML contents in sitemap and have been filtered"
"sitemap","ostsee-zeitung.de","https://ostsee-zeitung.de/~/sitemap1.xml","entries had HTML contents in sitemap and have been filtered"
"sitemap","rnd.de","https://rnd.de/~/sitemap.xml","entries had HTML contents in sitemap and have been filtered"
"sitemap","rnd.de","https://rnd.de/~/sitemap_index.xml","entries had HTML contents in sitemap and have been filtered"
"sitemap","rnd.de","https://rnd.de/~/sitemap-index.xml","entries had HTML contents in sitemap and have been filtered"
"sitemap","rnd.de","https://rnd.de/~/sitemaps/sitemap.xml","entries had HTML contents in sitemap and have been filtered"
"sitemap","rnd.de","https://rnd.de/~/sitemaps/sitemap_index.xml","entries had HTML contents in sitemap and have been filtered"
"sitemap","rnd.de","https://rnd.de/~/sitemap-posts.xml","entries had HTML contents in sitemap and have been filtered"
"sitemap","rnd.de","https://rnd.de/~/sitemap-pages.xml","entries had HTML contents in sitemap and have been filtered"
"sitemap","rnd.de","https://rnd.de/~/sitemap-products.xml","entries had HTML contents in sitemap and have been filtered"
"sitemap","rnd.de","https://rnd.de/~/sitemap-2025-01.xml","entries had HTML contents in sitemap and have been filtered"
"sitemap","rnd.de","https://rnd.de/~/sitemap-2024.xml","entries had HTML contents in sitemap and have been filtered"
"sitemap","rnd.de","https://rnd.de/~/sitemap-en.xml","entries had HTML contents in sitemap and have been filtered"
"sitemap","rnd.de","https://rnd.de/~/sitemap-de.xml","entries had HTML contents in sitemap and have been filtered"
"sitemap","rnd.de","https://rnd.de/~/sitemap.php","entries had HTML contents in sitemap and have been filtered"
"sitemap","rnd.de","https://rnd.de/~/sitemap.txt","entries had HTML contents in sitemap and have been filtered"
"sitemap","rnd.de","https://rnd.de/~/sitemap.xml.gz","entries had HTML contents in sitemap and have been filtered"
"sitemap","rnd.de","https://rnd.de/~/sitemap/","entries had HTML contents in sitemap and have been filtered"
"sitemap","rnd.de","https://rnd.de/~/sitemapindex.xml","entries had HTML contents in sitemap and have been filtered"
"sitemap","rnd.de","https://rnd.de/~/sitemap/index.xml","entries had HTML contents in sitemap and have been filtered"
"sitemap","rnd.de","https://rnd.de/~/sitemap1.xml","entries had HTML contents in sitemap and have been filtered"
"sitemap","rp-online.de","https://rp-online.de/sitemap-index.xml","entries had HTML contents in sitemap and have been filtered"
"sitemap","rp-online.de","https://rp-online.de/sitemap-posts.xml","entries had HTML contents in sitemap and have been filtered"
"sitemap","rp-online.de","https://rp-online.de/sitemap-pages.xml","entries had HTML contents in sitemap and have been filtered"
"sitemap","rp-online.de","https://rp-online.de/sitemap-products.xml","entries had HTML contents in sitemap and have been filtered"
"sitemap","rp-online.de","https://rp-online.de/sitemap-2025-01.xml","entries had HTML contents in sitemap and have been filtered"
"sitemap","rp-online.de","https://rp-online.de/sitemap-2024.xml","entries had HTML contents in sitemap and have been filtered"
"sitemap","rp-online.de","https://rp-online.de/sitemap-en.xml","entries had HTML contents in sitemap and have been filtered"
"sitemap","rp-online.de","https://rp-online.de/sitemap-de.xml","entries had HTML contents in sitemap and have been filtered"
"sitemap","saechsische.de","https://saechsische.de/~/sitemap.xml","entries had HTML contents in sitemap and have been filtered"
"sitemap","saechsische.de","https://saechsische.de/~/sitemap_index.xml","entries had HTML contents in sitemap and have been filtered"
"sitemap","saechsische.de","https://saechsische.de/~/sitemap-index.xml","entries had HTML contents in sitemap and have been filtered"
"sitemap","saechsische.de","https://saechsische.de/~/sitemaps/sitemap.xml","entries had HTML contents in sitemap and have been filtered"
"sitemap","saechsische.de","https://saechsische.de/~/sitemaps/sitemap_index.xml","entries had HTML contents in sitemap and have been filtered"
"sitemap","saechsische.de","https://saechsische.de/~/sitemap-posts.xml","entries had HTML contents in sitemap and have been filtered"
"sitemap","saechsische.de","https://saechsische.de/~/sitemap-pages.xml","entries had HTML contents in sitemap and have been filtered"
"sitemap","saechsische.de","https://saechsische.de/~/sitemap-products.xml","entries had HTML contents in sitemap and have been filtered"
"sitemap","saechsische.de","https://saechsische.de/~/sitemap-2025-01.xml","entries had HTML contents in sitemap and have been filtered"
"sitemap","saechsische.de","https://saechsische.de/~/sitemap-2024.xml","entries had HTML contents in sitemap and have been filtered"
"sitemap","saechsische.de","https://saechsische.de/~/sitemap-en.xml","entries had HTML contents in sitemap and have been filtered"
"sitemap","saechsische.de","https://saechsische.de/~/sitemap-de.xml","entries had HTML contents in sitemap and have been filtered"
"sitemap","saechsische.de","https://saechsische.de/~/sitemap.php","entries had HTML contents in sitemap and have been filtered"
"sitemap","saechsische.de","https://saechsische.de/~/sitemap.txt","entries had HTML contents in sitemap and have been filtered"
"sitemap","saechsische.de","https://saechsische.de/~/sitemap.xml.gz","entries had HTML contents in sitemap and have been filtered"
"sitemap","saechsische.de","https://saechsische.de/~/sitemap/","entries had HTML contents in sitemap and have been filtered"
"sitemap","saechsische.de","https://saechsische.de/~/sitemapindex.xml","entries had HTML contents in sitemap and have been filtered"
"sitemap","saechsische.de","https://saechsische.de/~/sitemap/index.xml","entries had HTML contents in sitemap and have been filtered"
"sitemap","saechsische.de","https://saechsische.de/~/sitemap1.xml","entries had HTML contents in sitemap and have been filtered"
"sitemap","sueddeutsche.de","https://sueddeutsche.de/sitemap.xml","entries had HTML contents in sitemap and have been filtered"
"sitemap","sueddeutsche.de","https://sueddeutsche.de/sitemap_index.xml","entries had HTML contents in sitemap and have been filtered"
"sitemap","sueddeutsche.de","https://sueddeutsche.de/sitemap-index.xml","entries had HTML contents in sitemap and have been filtered"
"sitemap","sueddeutsche.de","https://sueddeutsche.de/sitemaps/sitemap.xml","entries had HTML contents in sitemap and have been filtered"
"sitemap","sueddeutsche.de","https://sueddeutsche.de/sitemaps/sitemap_index.xml","entries had HTML contents in sitemap and have been filtered"
"sitemap","sueddeutsche.de","https://sueddeutsche.de/sitemap-posts.xml","entries had HTML contents in sitemap and have been filtered"
"sitemap","sueddeutsche.de","https://sueddeutsche.de/sitemap-pages.xml","entries had HTML contents in sitemap and have been filtered"
"sitemap","sueddeutsche.de","https://sueddeutsche.de/sitemap-products.xml","entries had HTML contents in sitemap and have been filtered"
"sitemap","sueddeutsche.de","https://sueddeutsche.de/sitemap-2025-01.xml","entries had HTML contents in sitemap and have been filtered"
"sitemap","sueddeutsche.de","https://sueddeutsche.de/sitemap-2024.xml","entries had HTML contents in sitemap and have been filtered"
"sitemap","sueddeutsche.de","https://sueddeutsche.de/sitemap-en.xml","entries had HTML contents in sitemap and have been filtered"
"sitemap","sueddeutsche.de","https://sueddeutsche.de/sitemap-de.xml","entries had HTML contents in sitemap and have been filtered"
"sitemap","sueddeutsche.de","https://sueddeutsche.de/sitemap.php","entries had HTML contents in sitemap and have been filtered"
"sitemap","sueddeutsche.de","https://sueddeutsche.de/sitemap.txt","entries had HTML contents in sitemap and have been filtered"
"sitemap","sueddeutsche.de","https://sueddeutsche.de/sitemap.xml.gz","entries had HTML contents in sitemap and have been filtered"
"sitemap","sueddeutsche.de","https://sueddeutsche.de/sitemap/","entries had HTML contents in sitemap and have been filtered"
"sitemap","sueddeutsche.de","https://sueddeutsche.de/sitemapindex.xml","entries had HTML contents in sitemap and have been filtered"
"sitemap","sueddeutsche.de","https://sueddeutsche.de/sitemap/index.xml","entries had HTML contents in sitemap and have been filtered"
"sitemap","sueddeutsche.de","https://sueddeutsche.de/sitemap1.xml","entries had HTML contents in sitemap and have been filtered"
"sitemap","sueddeutsche.de","https://sueddeutsche.de/~/sitemap.xml","entries had HTML contents in sitemap and have been filtered"
"sitemap","sueddeutsche.de","https://sueddeutsche.de/~/sitemap_index.xml","entries had HTML contents in sitemap and have been filtered"
"sitemap","sueddeutsche.de","https://sueddeutsche.de/~/sitemap-index.xml","entries had HTML contents in sitemap and have been filtered"
"sitemap","sueddeutsche.de","https://sueddeutsche.de/~/sitemaps/sitemap.xml","entries had HTML contents in sitemap and have been filtered"
"sitemap","sueddeutsche.de","https://sueddeutsche.de/~/sitemaps/sitemap_index.xml","entries had HTML contents in sitemap and have been filtered"
"sitemap","sueddeutsche.de","https://sueddeutsche.de/~/sitemap-posts.xml","entries had HTML contents in sitemap and have been filtered"
"sitemap","sueddeutsche.de","https://sueddeutsche.de/~/sitemap-pages.xml","entries had HTML contents in sitemap and have been filtered"
"sitemap","sueddeutsche.de","https://sueddeutsche.de/~/sitemap-products.xml","entries had HTML contents in sitemap and have been filtered"
"sitemap","sueddeutsche.de","https://sueddeutsche.de/~/sitemap-2025-01.xml","entries had HTML contents in sitemap and have been filtered"
"sitemap","sueddeutsche.de","https://sueddeutsche.de/~/sitemap-2024.xml","entries had HTML contents in sitemap and have been filtered"
"sitemap","sueddeutsche.de","https://sueddeutsche.de/~/sitemap-en.xml","entries had HTML contents in sitemap and have been filtered"
"sitemap","sueddeutsche.de","https://sueddeutsche.de/~/sitemap-de.xml","entries had HTML contents in sitemap and have been filtered"
"sitemap","sueddeutsche.de","https://sueddeutsche.de/~/sitemap.php","entries had HTML contents in sitemap and have been filtered"
"sitemap","sueddeutsche.de","https://sueddeutsche.de/~/sitemap.txt","entries had HTML contents in sitemap and have been filtered"
"sitemap","sueddeutsche.de","https://sueddeutsche.de/~/sitemap.xml.gz","entries had HTML contents in sitemap and have been filtered"
"sitemap","sueddeutsche.de","https://sueddeutsche.de/~/sitemap/","entries had HTML contents in sitemap and have been filtered"
"sitemap","sueddeutsche.de","https://sueddeutsche.de/~/sitemapindex.xml","entries had HTML contents in sitemap and have been filtered"
"sitemap","sueddeutsche.de","https://sueddeutsche.de/~/sitemap/index.xml","entries had HTML contents in sitemap and have been filtered"
"sitemap","sueddeutsche.de","https://sueddeutsche.de/~/sitemap1.xml","entries had HTML contents in sitemap and have been filtered"
"sitemap","wz.de","https://wz.de/sitemap-index.xml","entries had HTML contents in sitemap and have been filtered"
"sitemap","wz.de","https://wz.de/sitemap-posts.xml","entries had HTML contents in sitemap and have been filtered"
"sitemap","wz.de","https://wz.de/sitemap-pages.xml","entries had HTML contents in sitemap and have been filtered"
"sitemap","wz.de","https://wz.de/sitemap-products.xml","entries had HTML contents in sitemap and have been filtered"
"sitemap","wz.de","https://wz.de/sitemap-2025-01.xml","entries had HTML contents in sitemap and have been filtered"
"sitemap","wz.de","https://wz.de/sitemap-2024.xml","entries had HTML contents in sitemap and have been filtered"
"sitemap","wz.de","https://wz.de/sitemap-en.xml","entries had HTML contents in sitemap and have been filtered"
"sitemap","wz.de","https://wz.de/sitemap-de.xml","entries had HTML contents in sitemap and have been filtered"
"sitemap","nw.de","https://www.nw.de/_retresco/sitemap/index.xml","entries had other non related content"
"sitemap","presseportal.de","https://www.presseportal.de/sitemap-de-index-keywords.xml","entries had other non related content"
"sitemap","presseportal.de","https://www.presseportal.de/sitemap-de-index-newsrooms.xml","entries had other non related content"
"sitemap","presseportal.de","https://www.presseportal.de/sitemap-de-index-cities.xml","entries had other non related content"
"sitemap","tag24.de","https://www.tag24.de/sitemap_tag24_d.xml","entries had other non related content"
"sitemap","finanzen.net",NA,"entries had missing sitemap_URL and have been removed"
"sitemap","news-und-nachrichten.de",NA,"entries had missing sitemap_URL and have been removed"
"sitemap","stern.de",NA,"entries had missing sitemap_URL and have been removed"
"sitemap","t-online.de",NA,"entries had missing sitemap_URL and have been removed"
"sitemap","tagesschau.de",NA,"entries had missing sitemap_URL and have been removed"
"sitemap","wdr.de",NA,"entries had missing sitemap_URL and have been removed"
"sitemap","derwesten.de","https://www.derwesten.de/sitemap_index.xml","entries had missing sitemap_content and have been removed"
"sitemap","swrfernsehen.de","https://www.swrfernsehen.de/~sitemap/index.xml","entries had missing sitemap_content and have been removed"
"domain","deutschlandfunk.de","deutschlandfunk.de","entries were filtered as dynamic websites"
"domain","deutschlandfunk.de","deutschlandfunk.de","entries were filtered as dynamic websites"
"domain","deutschlandfunk.de","deutschlandfunk.de","entries were filtered as dynamic websites"
"domain","deutschlandfunk.de","deutschlandfunk.de","entries were filtered as dynamic websites"
"domain","deutschlandfunk.de","deutschlandfunk.de","entries were filtered as dynamic websites"
"domain","deutschlandfunk.de","deutschlandfunk.de","entries were filtered as dynamic websites"
"domain","deutschlandfunk.de","deutschlandfunk.de","entries were filtered as dynamic websites"
"domain","deutschlandfunk.de","deutschlandfunk.de","entries were filtered as dynamic websites"
"domain","deutschlandfunk.de","deutschlandfunk.de","entries were filtered as dynamic websites"
"domain","deutschlandfunk.de","deutschlandfunk.de","entries were filtered as dynamic websites"
"domain","deutschlandfunk.de","deutschlandfunk.de","entries were filtered as dynamic websites"
"domain","deutschlandfunkkultur.de","deutschlandfunkkultur.de","entries were filtered as dynamic websites"
"domain","express.de","express.de","entries were filtered as dynamic websites"
"domain","focus.de","focus.de","entries were filtered as dynamic websites"
"domain","kabeleins.de","kabeleins.de","entries were filtered as dynamic websites"
"domain","kabeleins.de","kabeleins.de","entries were filtered as dynamic websites"
"domain","kabeleins.de","kabeleins.de","entries were filtered as dynamic websites"
"domain","kabeleins.de","kabeleins.de","entries were filtered as dynamic websites"
"domain","ksta.de","ksta.de","entries were filtered as dynamic websites"
"domain","prosieben.de","prosieben.de","entries were filtered as dynamic websites"
"domain","prosieben.de","prosieben.de","entries were filtered as dynamic websites"
"domain","prosieben.de","prosieben.de","entries were filtered as dynamic websites"
"domain","prosieben.de","prosieben.de","entries were filtered as dynamic websites"
"domain","rbb24.de","rbb24.de","entries were filtered as dynamic websites"
"domain","ruhrnachrichten.de","ruhrnachrichten.de","entries were filtered as dynamic websites"
"domain","vox.de","vox.de","entries were filtered as dynamic websites"
"domain","vox.de","vox.de","entries were filtered as dynamic websites"
"domain","vox.de","vox.de","entries were filtered as dynamic websites"
"domain","vox.de","vox.de","entries were filtered as dynamic websites"
